Top consultas,Cliques,Impressões,CTR,Posição
imagens para cardápio ifood tamanho,4,60,6.67%,4.32
tamanho capa ifood,2,114,1.75%,4.61
capa ifood tamanho,2,82,2.44%,3.74
tamanho foto ifood,1,171,0.58%,4.18
tamanho imagem ifood,1,75,1.33%,3.25
imagens para cardápio ifood,1,39,2.56%,9.03
fotos para ifood,1,16,6.25%,9.94
como funciona o algoritmo do ifood,1,1,100%,1
melhores ferramentas ia para melhorar qualidade de imagem 2026,0,232,0%,6.68
melhores ferramentas ia para melhorar qualidade de foto 2026,0,130,0%,4.15
melhor ferramenta ia para melhorar fotos 2026,0,129,0%,5.91
estudiosabor.com.br,0,126,0%,4.19
melhor ia para aprimorar fotos 2026,0,106,0%,6.58
melhor editor de fotos com ia 2026,0,102,0%,8.41
melhor ferramenta ia para aprimorar fotos 2026,0,92,0%,6.15
melhor ia para melhorar qualidade de fotos 2026,0,79,0%,5.22
melhor ferramenta ia para melhorar qualidade de foto 2026,0,70,0%,4.43
banner ifood tamanho,0,52,0%,6
tamanho foto cardapio ifood,0,51,0%,2.59
melhor editor de fotos com ia 2025 2026,0,48,0%,8.85
aplicativo de fotos,0,46,0%,2.8
melhor ia para editar fotos no celular 2026,0,41,0%,6.95
melhor ia para melhorar qualidade de imagem 2026,0,41,0%,7.15
tamanho da capa do ifood,0,39,0%,3.69
melhor aprimorador de imagem ia 2026,0,36,0%,8.78
exemplo de texto descritivo,0,34,0%,1
texto descritivo exemplo,0,34,0%,1
tamanho banner ifood,0,33,0%,3
melhor ferramenta ia para melhorar qualidade de imagem 2026,0,32,0%,6.91
melhor software ia para aumentar resolução de fotos 2026,0,32,0%,7.47
melhores ferramentas ia para aumentar resolução de imagem 2026,0,31,0%,7.77
melhor editor de fotos ia 2026,0,30,0%,8.6
melhores ia para melhorar qualidade de imagem 2026,0,29,0%,6.9
melhor editor de fotos com inteligência artificial 2026,0,29,0%,8
textos descritivos exemplos,0,26,0%,1
foto de marmita caseira,0,25,0%,3.68
melhor software de aprimoramento de imagem com ia 2026,0,24,0%,6.83
angulo 45 graus fotografia,0,22,0%,5
melhor aplicativo para aumentar fotos com ia 2026,0,20,0%,5.9
foto cardapio,0,18,0%,30.22
melhor serviço de aprimoramento de foto com ia 2026,0,17,0%,5.76
foto para ifood,0,17,0%,8.35
melhores ferramentas ia para editar fotos 2026,0,17,0%,9.53
melhor app para melhorar qualidade de foto ia 2026,0,16,0%,2.75
melhores ferramentas ia para melhorar qualidade de fotos 2026,0,16,0%,5.69
como tirar foto de bolo,0,16,0%,12.19
ifood foto,0,15,0%,8.2
exemplos de textos descritivos,0,13,0%,1
como colocar foto no ifood,0,13,0%,3.23
qual é a melhor ferramenta de ia para aprimorar fotos?,0,13,0%,3.92
melhores formas de aprimorar qualidade de foto 2026,0,13,0%,5.69
foto 800x200 ifood,0,12,0%,1.17
melhores ferramentas ia para melhorar qualidade de imagem 2026 grátis,0,12,0%,6.75
fotografia gastronomica,0,12,0%,58.92
embalagens para frango frito delivery,0,11,0%,2.82
qual o tamanho da capa do ifood,0,11,0%,3.73
melhores ferramentas para melhorar qualidade de imagem ia 2026,0,11,0%,4.82
melhorar imagem com ia 2026 melhores ferramentas,0,9,0%,6.44
aplicativo para fotos,0,8,0%,1
melhor ia para editar fotos,0,8,0%,1
embalagem para frango frito delivery,0,8,0%,3.62
qual é a melhor ferramenta de ia para aprimorar fotos,0,8,0%,5.88
melhor serviço de aprimoramento de foto com ia 2025 2026,0,8,0%,6.62
melhor ia para aumentar resolução de imagens 2026,0,8,0%,7.38
marmita pf,0,8,0%,11.12
imagem ifood,0,8,0%,19
melhor ia para melhorar qualidade de foto 2026,0,7,0%,5
melhores ferramentas ia para melhorar fotos 2026,0,7,0%,5.86
melhores ferramentas de ia para aprimorar fotos 2026,0,7,0%,7.71
foto ifood,0,7,0%,21.71
qual melhor ia para modificar imagens,0,6,0%,1
sim,0,6,0%,5.67
melhores ferramentas ia para aprimorar imagens 2026,0,6,0%,6.5
melhor cortador de imagem 2025 2026,0,6,0%,8.67
melhor ia para aumentar resolução de imagem 2026,0,6,0%,8.83
foto do sabor,0,6,0%,14.33
melhor ia para melhorar fotos,0,5,0%,1
qual app de ia para fotos,0,5,0%,1
formato foto ifood,0,5,0%,2
qual ia melhora fotos,0,5,0%,5.4
qual melhor ia para melhorar fotos,0,5,0%,8
cenario para fotos de comida,0,5,0%,10.2
foto de capa ifood,0,5,0%,11
melhore essa foto,0,5,0%,12
melhores ferramentas ia para editar imagens 2026,0,5,0%,12.2
como tirar foto de comida,0,5,0%,35.8
como fazer fotos de ar,0,4,0%,1
exemplos de texto descritivo,0,4,0%,1
tamanho foto ifood cardápio,0,4,0%,2
foto de capa para 99food,0,4,0%,2.25
ler o cardapio da direita para esquerda,0,4,0%,3.5
melhorar qualidade de imagem,0,4,0%,4.75
melhorar foto com ia 2026 melhores ferramentas,0,4,0%,6
melhor ferramenta ia para melhorar qualidade de imagem grátis 2026,0,4,0%,6.25
como tirar foto 45 graus,0,4,0%,8
melhor software ia para upscale aumentar resolução imagem 2026,0,4,0%,8
melhores geradores de fotos por ia 2026,0,4,0%,10
como tirar foto de comida com celular,0,4,0%,10.5
angulo de 45 graus foto,0,4,0%,10.75
foto do ifood,0,4,0%,33.5
fotografia de estúdio de comida,0,4,0%,39.75
cria um texto descritivo,0,3,0%,1
melhor app de ia para fotos,0,3,0%,1
melhor ia para editar imagens,0,3,0%,1
melhores ia para editar fotos,0,3,0%,1
melhores ias para editar imagens,0,3,0%,1
nomear um prato,0,3,0%,1
qual a melhor ia para editar fotos,0,3,0%,1
qual a melhor ia para melhorar fotos,0,3,0%,1
qual melhor ia para editar fotos,0,3,0%,1
texto descritivo exemplos,0,3,0%,1
melhor app ia para melhorar qualidade de foto 2026,0,3,0%,1.67
melhor ferramenta para melhorar qualidade de imagem 2026,0,3,0%,4.67
melhores ia para aumentar resolução de imagem 2026,0,3,0%,7.33
melhor ferramenta ia para melhorar qualidade de imagem 2026 grátis,0,3,0%,8
melhor software ia para extensão de fotos 2025 2026,0,3,0%,8.33
melhor aprimorador de imagem com ia 2026,0,3,0%,8.67
melhores ferramentas ia para animar fotos 2025 2026,0,3,0%,9.33
melhores ferramentas gratuitas para melhorar qualidade de imagem ia 2026,0,3,0%,9.67
melhores geradores de fotos de ia 2026,0,3,0%,10
foto angulo 45 graus,0,3,0%,11
como tirar foto de drink,0,3,0%,13
capa ifood 800x200,0,3,0%,14.67
melhor serviço de aprimoramento de foto ia 2026,0,3,0%,15.67
melhor ferramenta ai para aprimorar fotos,0,3,0%,20
hack do ifood,0,3,0%,47.67
angulo de frente,0,2,0%,1
aplicativo fotos ia,0,2,0%,1
app de fotos ia,0,2,0%,1
app ia fotos,0,2,0%,1
arrumar foto com ia,0,2,0%,1
como editar fotos de comida,0,2,0%,1
como tirar fotos de bolos para vender,0,2,0%,1
exemplo de textos descritivos,0,2,0%,1
exemplo de um texto descritivo,0,2,0%,1
ia para melhorar fotos,0,2,0%,1
melhor ia para mudar imagens,0,2,0%,1
melhorar minha foto com ia,0,2,0%,1
qual ia é melhor para editar fotos,0,2,0%,1
foto capa 99food,0,2,0%,2
foto de capa 99 food,0,2,0%,2
ia para editar imagens,0,2,0%,2
melhorar a foto,0,2,0%,2
melhore a qualidade dessa foto,0,2,0%,2.5
redimensionar foto para ifood,0,2,0%,2.5
melhora foto,0,2,0%,4
melhorar foto,0,2,0%,4.5
melhor ferramenta ia para melhorar qualidade de foto grátis 2026,0,2,0%,5
melhores ferramentas para melhorar qualidade de imagem 2026,0,2,0%,5.5
software líder aprimoramento imagem ia 2025 2026,0,2,0%,6
ler cardapio da direita para esquerda,0,2,0%,6.5
melhor ia para melhorar qualidade de fotos avaliações 2026,0,2,0%,6.5
melhor ia geradora de imagens fácil de usar 2026,0,2,0%,7
unboxing delivery,0,2,0%,7.5
melhor software ia para extensão de fotos 2026,0,2,0%,8
melhores aplicativos de edição de fotos com ia 2025 2026,0,2,0%,8.5
melhores ferramentas de upscale com ia 2025 2026,0,2,0%,8.5
melhores ferramentas ia para restaurar fotos 2026,0,2,0%,8.5
cenário para fotos de comida,0,2,0%,9
melhores formas de melhorar qualidade de imagem 2026,0,2,0%,9
melhor aprimorador de imagem ai 2026,0,2,0%,9.5
sabor foto,0,2,0%,9.5
melhor software ia para aumentar resolução de imagem 2026,0,2,0%,10
melhores aplicativos de edição de fotos por ia 2026,0,2,0%,10
melhores ferramentas ia para editar fotos 2025 2026,0,2,0%,10
melhores ferramentas de ia para aprimorar fotos,0,2,0%,11
melhor ferramenta de ia para aprimorar fotos 2026,0,2,0%,12
melhores ferramentas ia para edição de imagens 2025 2026,0,2,0%,13
faz imagens,0,2,0%,14.5
fotos para cardapio ifood,0,2,0%,14.5
imagens ifood,0,2,0%,27.5
na marmita,0,2,0%,27.5
como tirar foto de comida para instagram,0,2,0%,38
estudio fotografico para comida,0,2,0%,55.5
capa para ifood,0,2,0%,58.5
estudio fotografico para alimentos,0,2,0%,61.5
lâmpadas fluorescentes imagens,0,2,0%,93.5
algoritmo do ifood,0,1,0%,1
aplicativo de edição de fotos com inteligência artificial,0,1,0%,1
aplicativo de foto artificial,0,1,0%,1
aplicativo de fotos ia,0,1,0%,1
aplicativo de ia gratuito,0,1,0%,1
aplicativo ia para fotos,0,1,0%,1
aplicativo para arrumar fotos,0,1,0%,1
aplicativo para clarear foto,0,1,0%,1
aplicativo para clarear fotos,0,1,0%,1
aplicativo para melhorar fotos antigas grátis,0,1,0%,1
aplicativo para retocar fotos,0,1,0%,1
aplicativo pra fotos,0,1,0%,1
aplicativos ia para fotos,0,1,0%,1
aplicativos para fazer fotos,0,1,0%,1
aplicativos para fotos profissionais,0,1,0%,1
aplicação para melhorar fotos,0,1,0%,1
app de ia para fotos,0,1,0%,1
app de melhorar fotos,0,1,0%,1
app de melhorar qualidade de imagem,0,1,0%,1
app de retoque de fotos grátis,0,1,0%,1
app para alterar fotos,0,1,0%,1
app para foto profissional,0,1,0%,1
app para melhorar fotos,0,1,0%,1
app para melhorar qualidade da foto grátis,0,1,0%,1
app para tirar fotos profissionais,0,1,0%,1
app que melhora fotos antigas,0,1,0%,1
apps de ia para editar fotos,0,1,0%,1
aumentar tamanho de imagem sem perder qualidade,0,1,0%,1
capa para loja ifood,0,1,0%,1
como alterar foto com ia,0,1,0%,1
como fazer foto da família em conserva,0,1,0%,1
como fazer ia com foto,0,1,0%,1
como fazer montagem de fotos no ia,0,1,0%,1
como fazer uma foto com ia,0,1,0%,1
como melhorar a qualidade de uma imagem,0,1,0%,1
como melhorar as fotos com ia,0,1,0%,1
como melhorar foto com ia,0,1,0%,1
como melhorar fotos com ia,0,1,0%,1
como melhorar fotos no celular,0,1,0%,1
como melhorar uma imagem com ia,0,1,0%,1
como pedir para ia melhorar uma foto,0,1,0%,1
como tirar imperfeições da foto,0,1,0%,1
como usar a inteligência artificial no celular para fotos,0,1,0%,1
como vender mais no ifood,0,1,0%,1
como.melhorar a qualidade da foto,0,1,0%,1
consegue fazer pra mim,0,1,0%,1
criar foto,0,1,0%,1
em português,0,1,0%,1
embalagem para hamburguer,0,1,0%,1
embalagem para salgados assados,0,1,0%,1
estúdio fotográfico,0,1,0%,1
exemplo texto descritivo,0,1,0%,1
faz xis para foto,0,1,0%,1
filtros para fotos,0,1,0%,1
foto de bost,0,1,0%,1
foto de cardápio,0,1,0%,1
fotografia culinária,0,1,0%,1
fotografia gastronômica,0,1,0%,1
frases para menu,0,1,0%,1
frescor,0,1,0%,1
ia criar uma foto,0,1,0%,1
ifood,0,1,0%,1
ifood fotos,0,1,0%,1
inteligência artificial para melhorar fotos,0,1,0%,1
manipulação de imagem,0,1,0%,1
melhor app ia para fotos grátis,0,1,0%,1
melhor editor de fotos,0,1,0%,1
melhor editor de fotos 2026,0,1,0%,1
melhor ia para corrigir fotos,0,1,0%,1
melhor ia para edição de imagem,0,1,0%,1
melhor ia para fotos,0,1,0%,1
melhora minha foto,0,1,0%,1
melhorar fotos gratuito,0,1,0%,1
melhores app para editar fotos,0,1,0%,1
melhores ia para modificar imagens,0,1,0%,1
montagem de fotos com ia gratuito,0,1,0%,1
o que colocar na descrição da loja no ifood,0,1,0%,1
o que colocar na descrição do ifood,0,1,0%,1
prepara ia fotos,0,1,0%,1
produção de imagem,0,1,0%,1
prompt melhorar qualidade foto,0,1,0%,1
prompt para foto profissional,0,1,0%,1
qual a melhor ia para alterar imagens,0,1,0%,1
qual a melhor ia para editar foto,0,1,0%,1
qual a melhor ia para edição de fotos,0,1,0%,1
qual a melhor ia para fazer fotos,0,1,0%,1
qual a melhor ia para modificar fotos,0,1,0%,1
qual a melhor ia para modificar imagens,0,1,0%,1
qual aplicativo faz ia com fotos,0,1,0%,1
qual app para melhorar a qualidade da foto,0,1,0%,1
qual ia usar para editar fotos,0,1,0%,1
qual melhor app de ia para fotos,0,1,0%,1
qual melhor app ia para fotos,0,1,0%,1
qual melhor ia para editar fotos gratuito,0,1,0%,1
qual o melhor app para melhorar a qualidade das fotos,0,1,0%,1
recuperar foto antiga com ia,0,1,0%,1
recuperação de fotos antigas,0,1,0%,1
texto para ia melhorar foto,0,1,0%,1
tipo de planos fotografia,0,1,0%,1
tirar foto com ia,0,1,0%,1
transformar em foto profissional,0,1,0%,1
transformar foto com ia,0,1,0%,1
coloca um fundo branco,0,1,0%,2
como mudar minha foto no ifood entregador,0,1,0%,2
como trocar foto do ifood entregador,0,1,0%,2
estilo de edição,0,1,0%,2
gostaria,0,1,0%,2
melhora a imagem,0,1,0%,2
melhorar a imagem,0,1,0%,2
melhore a foto,0,1,0%,2
porn reels,0,1,0%,2
sim quero.,0,1,0%,2
2026,0,1,0%,3
aplicativo para melhorar imagem,0,1,0%,3
açaí derretido,0,1,0%,3
capa para 99 food,0,1,0%,3
clarear a foto,0,1,0%,3
como melhorar fotos,0,1,0%,3
como tirar foto no espelho,0,1,0%,3
e fotografia,0,1,0%,3
foto de capa para 99 food,0,1,0%,3
fotos de comida marrom,0,1,0%,3
fotos de marmitas para ifood,0,1,0%,3
melhora uma foto,0,1,0%,3
altura largura,0,1,0%,4
banner ifood,0,1,0%,4
e ifood?,0,1,0%,4
melhores ferramentas ia restauração de fotos 2026,0,1,0%,4
modo ia,0,1,0%,4
como criar foto família em conserva,0,1,0%,5
criar a foto,0,1,0%,5
editor de fotos,0,1,0%,5
foto em restaurante fake,0,1,0%,5
ia restaurar fotos,0,1,0%,5
melhor ia para aumentar resolução de fotos 2026,0,1,0%,5
melhor ia para expandir imagem 2026,0,1,0%,5
traga fotos,0,1,0%,5
estudio food,0,1,0%,6
genero textual cardapio,0,1,0%,6
gere outra imagem,0,1,0%,6
gratis,0,1,0%,6
ia editor de foto,0,1,0%,6
imagem com 5mb,0,1,0%,6
melhor expansão de fotos ai 2026,0,1,0%,6
melhor ferramenta ai para expansão de fotos 2026,0,1,0%,6
melhor programa ia para expandir fotos 2026,0,1,0%,6
studio fotografia perto de mim,0,1,0%,6
melhores editores de fotos com ia para desktop 2025 2026,0,1,0%,7
porn rells,0,1,0%,7
foto de marmita fechada,0,1,0%,8
gerador de imagens ia mais recomendado 2026,0,1,0%,8
melhor ai para aumentar resolução de fotos 2026,0,1,0%,8
melhor app para melhorar qualidade de foto 2026,0,1,0%,8
melhor ferramenta online gratuita para melhorar qualidade de foto 2026,0,1,0%,8
melhores apps criação fotos ia 2026,0,1,0%,8
melhores editores de fotos por ia 2026,0,1,0%,8
melhores ferramentas ia aprimorar qualidade foto 2026,0,1,0%,8
melhores ferramentas ia para animar fotos 2026,0,1,0%,8
melhores ferramentas ia upscale imagem 2026,0,1,0%,8
6000k vs 3000k,0,1,0%,9
melhor ai para expansão de fotos 2026,0,1,0%,9
melhor editor de fotos por ia 2026,0,1,0%,9
melhor ferramenta ia upscaler imagem grátis 2026,0,1,0%,9
melhor ferramenta online gratuita para melhorar qualidade de imagem ia 2026,0,1,0%,9
melhor ia para melhorar fotos 2026,0,1,0%,9
melhores editores de fotos com inteligência artificial 2026,0,1,0%,9
melhores editores de fotos de ia 2026,0,1,0%,9
pizza derretendo,0,1,0%,9
melhor ferramenta de ia para recolorir imagens 2026,0,1,0%,10
melhor ia para edição de fotos 2026,0,1,0%,10
melhor software de edição de fotos com ia 2026,0,1,0%,10
melhores aplicativos de edição de fotos com ia 2026,0,1,0%,10
melhores ferramentas gratuitas para aumentar resolução de imagem ia 2026,0,1,0%,10
melhores ferramentas ia para recolorir imagens 2025 2026,0,1,0%,10
restaurante da fazendinha | comida caseira | ribeirão preto -sp fotos,0,1,0%,10
como tirar foto de vidro sem reflexo,0,1,0%,11
food angles,0,1,0%,11
galeria do sabor,0,1,0%,11
luz 6000k vs 3000k,0,1,0%,11
melhor ia para aprimoramento de fotos 2026,0,1,0%,11
melhores editores de fotos com ia 2026,0,1,0%,11
porn 60 fps,0,1,0%,11
porn.com,0,1,0%,11
ia melhora qualidade,0,1,0%,12
cardapio qr code mesa,0,1,0%,13
cenario para foto de comida,0,1,0%,18
foto ia gratis profissional,0,1,0%,18
melhores ia para melhorar fotos,0,1,0%,19
pudins,0,1,0%,19
gera para mim,0,1,0%,20
mais realista,0,1,0%,20
tem fotos,0,1,0%,20
texto descritivo,0,1,0%,21
yes,0,1,0%,21
fotos de ifood,0,1,0%,23
fotos ifood,0,1,0%,27
flash ifood,0,1,0%,28
fotos do ifood,0,1,0%,29
ia que preenche imagem,0,1,0%,29
ifood imagens,0,1,0%,29
como tirar uma foto com ia,0,1,0%,30
fotografia para delivery,0,1,0%,30
fotos fake de lanche,0,1,0%,31
melhore essa imagem,0,1,0%,32
porn reels 4k,0,1,0%,32
deixe essa foto profissional,0,1,0%,33
fotos de marmitex bonitas,0,1,0%,33
exemplo de foto,0,1,0%,34
aprimorar foto,0,1,0%,37
imagem do ifood,0,1,0%,37
usa imagem,0,1,0%,37
capa ifood,0,1,0%,39
cardápio digital ifood,0,1,0%,40
sushi fresco,0,1,0%,40
como montar um cenário para fotos,0,1,0%,47
como tirar fotos de comida,0,1,0%,47
fotos fake jantar a noite,0,1,0%,47
ifood7,0,1,0%,48
modificador de fotos,0,1,0%,48
como tirar foto sem reflexo,0,1,0%,54
fotografia especializada em alimentos,0,1,0%,61
"-site:facebook.com -site:fb.me -site:youtube.com -site:youtu.be 
-site:youtube.be -site:twitter.com -site:instagram.com -site:tiktok.com 
-site:vm.tiktok.com -site:t.co -site:x.com -site:reddit.com ""rappi"" and ( 
""entregador"" or ""motoboy"" or ""moto"" or ""demora"" or ""delivery"" or 
""bicicleta"" or ""trabalho de entrega"" or ""pagamento"" or ""taxa de entrega"" or 
""tempo de entrega"" or ""segurança"" or ""benefício"" or ""suporte"" or ""bag"" or 
""protesto"" )",0,1,0%,70
cenario para tirar foto,0,1,0%,74
cenário para foto,0,1,0%,78
marmita separada,0,1,0%,86
fotography.com,0,1,0%,88
luz de cozinha,0,1,0%,90
foto cardápio,0,1,0%,93